index,word,time,word.dur,voicing.dur,vowel.dur,cluster.dur,spreading.dur,sonorant.dur,closure.dur,vor,voffr,mor,cond_no,ipa,cons1,vowel,height,anteroposterior,roundness,consonant,manner,place,aspiration,syllables,syl_structure,gloss,pos,comp,contx
37,kokk,119.19929120035111,560.1532440933426,85.9332554570642,79.04964828775007,191.91659005944928,95.16903731190496,102.05264448121909,89.86394557823019,270.96623834719935,185.03298289013514,191.91659005944928,1,kʰoʰk,asp,o,mid,back,round,ʰk,stop,velar,yes,mono,cvcc,cook,n,c,cc
38,kokk,122.31784282133907,524.0415324024355,115.30592011165197,83.88650222927652,231.9394178823586,108.19069790878189,139.61011579115734,92.32930209120127,315.8259201116351,200.51999999998316,231.9394178823586,1,kʰoʰk,asp,o,mid,back,round,ʰk,stop,velar,yes,mono,cvcc,cook,n,c,cc
39,kokk,125.5569249181154,560.0629881582364,107.3863916068376,81.96280308703763,239.47398418826538,106.59385749764283,132.0174460174428,107.45653817082257,321.436787275303,214.0503956684654,239.47398418826538,1,kʰoʰk,asp,o,mid,back,round,ʰk,stop,velar,yes,mono,cvcc,cook,n,c,cc
13,gogg,44.86251020408163,584.1638908436905,94.57466405954307,94.57466405954307,205.11661807579884,NA,NA,205.11661807579884,299.6912821353419,205.11661807579884,NA,2,kokk,nasp,o,mid,back,round,kk,stop,velar,no,mono,cvcc,beak,n,c,cc
14,gogg,48.08562547241118,559.2587619843314,97.17349783142737,97.17349783142737,204.59580291213086,NA,NA,204.59580291213086,301.76930074355823,204.59580291213086,NA,2,kokk,nasp,o,mid,back,round,kk,stop,velar,no,mono,cvcc,beak,n,c,cc
15,gogg,51.33272005772006,510.33937657997797,89.06054095916716,89.06054095916716,178.50652795937094,NA,NA,178.50652795937094,267.5670689185381,178.50652795937094,NA,2,kokk,nasp,o,mid,back,round,kk,stop,velar,no,mono,cvcc,beak,n,c,cc
80,dökk,247.06627632005183,500.717144000447,103.09467546414908,63.66427955100562,271.86231471242195,140.96508206458225,180.3954779777257,91.46683673469624,335.52659426342757,232.4319187992785,271.86231471242195,3,tœʰk,nasp,œ,mid,front,round,ʰk,stop,velar,yes,mono,cvcc,dark,adj,c,cc
81,dökk,249.59287414965985,409.3694885361856,102.62180012784938,75.34073230397098,226.51181299548284,121.68506023098757,148.96612805486598,77.54568494061687,301.8525452994538,199.23074517160444,226.51181299548284,3,tœʰk,nasp,œ,mid,front,round,ʰk,stop,velar,yes,mono,cvcc,dark,adj,c,cc
82,dökk,252.42232426303855,444.731471535988,107.09204669521455,79.573869316107,235.69655984320548,122.30536659106406,149.8235439701716,85.87301587303386,315.27042915931247,208.17838246409792,235.69655984320548,3,tœʰk,nasp,œ,mid,front,round,ʰk,stop,velar,yes,mono,cvcc,dark,adj,c,cc
49,dögg,155.78590136054422,533.5317460317412,110.61336580084458,110.61336580084458,178.62392633824697,NA,NA,178.62392633824697,289.23729213909155,178.62392633824697,NA,4,tœkk,nasp,œ,mid,front,round,kk,stop,velar,no,mono,cvcc,dew,n,c,cc
50,dögg,158.49891836734693,523.9019274376346,118.33081380697763,118.33081380697763,192.66439909299038,NA,NA,192.66439909299038,310.995212899968,192.66439909299038,NA,4,tœkk,nasp,œ,mid,front,round,kk,stop,velar,no,mono,cvcc,dew,n,c,cc
51,dögg,161.4604231292517,513.8134542706041,92.24170091317774,92.24170091317774,186.28095682717571,NA,NA,186.28095682717571,278.52265774035345,186.28095682717571,NA,4,tœkk,nasp,œ,mid,front,round,kk,stop,velar,no,mono,cvcc,dew,n,c,cc
52,dögg,166.8560034665207,416.11804875208236,85.62826930807432,85.62826930807432,172.03433754454522,NA,NA,172.03433754454522,257.66260685261955,172.03433754454522,NA,4,tœkk,nasp,œ,mid,front,round,kk,stop,velar,no,mono,cvcc,dew,n,c,cc
16,kopp,54.512195011337866,540.0385487528397,95.69406084988685,78.16873412118497,241.1744826873914,115.27330152841131,132.7986282571132,108.3758544302782,319.34321680857636,223.6491559586895,241.1744826873914,5,kʰoʰp,asp,o,mid,back,round,ʰp,stop,labial,yes,mono,cvcc,chamber pot,n,c,cc
17,kopp,57.231249433106576,508.3083900226768,82.4098821369148,72.30685026506478,218.02792873823051,103.10252347257176,113.20555534442178,104.82237339380873,290.3347790032953,207.9248968663805,218.02792873823051,5,kʰoʰp,asp,o,mid,back,round,ʰp,stop,labial,yes,mono,cvcc,chamber pot,n,c,cc
18,kopp,60.08237501349746,548.3392722168219,82.26672094775722,69.79633441620336,229.29722162906074,98.5577496855683,111.02813621712215,118.26908541193859,299.0935560452641,216.8268350975069,229.29722162906074,5,kʰoʰp,asp,o,mid,back,round,ʰp,stop,labial,yes,mono,cvcc,chamber pot,n,c,cc
137,kubb,414.53487394957983,407.74173867077934,91.9717520919221,91.9717520919221,178.29865279446722,NA,NA,178.29865279446722,270.2704048863893,178.29865279446722,NA,6,cʰʏpp,asp,ʏ,high,front,round,pp,stop,labial,no,mono,cvcc,block of wood,n,c,cc
138,kubb,417.494003551106,394.8966756514096,94.57904223836522,94.57904223836522,175.40032284102836,NA,NA,175.40032284102836,269.9793650793936,175.40032284102836,NA,6,cʰʏpp,asp,ʏ,high,front,round,pp,stop,labial,no,mono,cvcc,block of wood,n,c,cc
139,kubb,420.69262259070297,396.382769016725,92.15996130848225,92.15996130848225,167.7606177606208,NA,NA,167.7606177606208,259.92057906910304,167.7606177606208,NA,6,cʰʏpp,asp,ʏ,high,front,round,pp,stop,labial,no,mono,cvcc,block of wood,n,c,cc
113,vítt,343.8158779761905,494.5868764172019,86.05515783267492,46.0387392819257,261.0605916785289,112.11628197133905,152.13270052208827,108.92789115644064,307.0993309604546,221.0441731277797,261.0605916785289,7,viʰt,voi,i,high,front,unrounded,ʰt,stop,coronal,yes,mono,cvcc,far and wide,adv,c,cc
114,vítt,346.87957142857147,375.4833711262222,89.54867625169527,55.33073552186352,230.67016090521975,100.6610607205971,134.87900145042886,95.79115945479089,286.00089642708326,196.452220175388,230.67016090521975,7,viʰt,voi,i,high,front,unrounded,ʰt,stop,coronal,yes,mono,cvcc,far and wide,adv,c,cc
115,vítt,349.76272848269747,377.14023672015173,95.18305913962877,51.47187443583334,231.47163150605365,101.78121111960081,145.49239582339624,85.97923568265742,282.943505941887,187.76044680225823,231.47163150605365,7,viʰt,voi,i,high,front,unrounded,ʰt,stop,coronal,yes,mono,cvcc,far and wide,adv,c,cc
56,vídd,178.89967422524563,570.0678382464162,76.55395678870036,76.55395678870036,234.55998878949913,NA,NA,234.55998878949913,311.1139455781995,234.55998878949913,NA,8,vitt,voi,i,high,front,unrounded,tt,stop,coronal,no,mono,cvcc,width,n,c,cc
57,vídd,181.99343438824803,586.3955437247625,91.90565876662049,91.90565876662049,246.67894935751633,NA,NA,246.67894935751633,338.5846081241368,246.67894935751633,NA,8,vitt,voi,i,high,front,unrounded,tt,stop,coronal,no,mono,cvcc,width,n,c,cc
58,vídd,185.03149698960044,484.7903443807695,81.56230275187681,81.56230275187681,212.4594282157375,NA,NA,212.4594282157375,294.0217309676143,212.4594282157375,NA,8,vitt,voi,i,high,front,unrounded,tt,stop,coronal,no,mono,cvcc,width,n,c,cc
143,þítt,433.0174508181651,388.1967001014459,89.81262822589997,72.41586658301458,201.63024074884106,80.4126174278963,97.80937907078169,103.82086167805937,274.04610733185564,184.23347910595567,201.63024074884106,9,θiʰt,vls,i,high,front,unrounded,ʰt,stop,coronal,yes,mono,cvcc,thaw,v,c,cc
144,þítt,435.8412008692366,428.66774487572457,99.54096017071379,75.24111151229818,229.7320425003022,93.29815504116823,117.59800369958384,112.13403880071837,304.9731540126004,205.4321938418866,229.7320425003022,9,θiʰt,vls,i,high,front,unrounded,ʰt,stop,coronal,yes,mono,cvcc,thaw,v,c,cc
145,þítt,438.7479961231805,430.28959110529286,108.97769020687065,88.55855839675542,227.81572869178035,102.93703527923981,123.35616708935504,104.45956160242531,316.37428708853577,207.39659688166512,227.81572869178035,9,θiʰt,vls,i,high,front,unrounded,ʰt,stop,coronal,yes,mono,cvcc,thaw,v,c,cc
34,þíddi,109.97034649632211,516.0617862891854,66.29099547467376,66.29099547467376,222.18442932728522,NA,NA,222.18442932728522,288.475424801959,222.18442932728522,NA,10,θittɪ,vls,i,high,front,unrounded,tt,stop,coronal,no,di,cvccv,thaw,v,c,cc
35,þíddi,112.68318655390085,523.8641467212801,64.84763602411192,64.84763602411192,219.22421493849242,NA,NA,219.22421493849242,284.07185096260434,219.22421493849242,NA,10,θittɪ,vls,i,high,front,unrounded,tt,stop,coronal,no,di,cvccv,thaw,v,c,cc
36,þíddi,115.85927673847317,477.6096668826284,69.77197861125717,69.77197861125717,207.85289115646322,NA,NA,207.85289115646322,277.6248697677204,207.85289115646322,NA,10,θittɪ,vls,i,high,front,unrounded,tt,stop,coronal,no,di,cvccv,thaw,v,c,cc
110,fætt,335.25921906974173,420.9242245237874,84.98372593339809,72.02702722577214,229.87819235441975,120.2603480290918,133.21704673671775,96.661145617702,301.9052195801919,216.9214936467938,229.87819235441975,11,faiʰt,vls,ai,diph,front,unrounded,ʰt,stop,coronal,yes,mono,cvcc,feed,v,c,cc
111,fætt,338.01470689510376,433.3759253260041,99.35008019192537,76.52031490624722,230.54623758889647,114.81879656622596,137.6485618519041,92.89767573699237,307.0665524951437,207.71647230321832,230.54623758889647,11,faiʰt,vls,ai,diph,front,unrounded,ʰt,stop,coronal,yes,mono,cvcc,feed,v,c,cc
112,fætt,340.80260556474843,445.144394341753,116.58458095138258,90.20857964748075,230.4120835730714,106.5757648088379,132.95176611273973,97.46031746033168,320.62066322055216,204.03608226916958,230.4120835730714,11,faiʰt,vls,ai,diph,front,unrounded,ʰt,stop,coronal,yes,mono,cvcc,feed,v,c,cc
68,fæddi,213.31922996976567,517.4327294099896,90.49314001691755,90.49314001691755,224.02746283700026,NA,NA,224.02746283700026,314.5206028539178,224.02746283700026,NA,12,faittɪ,vls,ai,diph,front,unrounded,tt,stop,coronal,no,di,cvccv,feed,v,c,cc
69,fæddi,216.02229692790357,542.1275154449177,101.61894042670383,101.61894042670383,220.6631270394439,NA,NA,220.6631270394439,322.28206746614774,220.6631270394439,NA,12,faittɪ,vls,ai,diph,front,unrounded,tt,stop,coronal,no,di,cvccv,feed,v,c,cc
70,fæddi,219.01447151649776,533.4080634043801,94.08162702072786,94.08162702072786,221.90922833777904,NA,NA,221.90922833777904,315.9908553585069,221.90922833777904,NA,12,faittɪ,vls,ai,diph,front,unrounded,tt,stop,coronal,no,di,cvccv,feed,v,c,cc
119,ýtt,361.35854757369617,355.9382386468428,131.57337664478064,106.33700475983687,238.6414986415275,93.84352433784215,119.07989622278592,119.56160241874159,344.9785034013644,213.40512675658374,238.6414986415275,13,iʰt,no,i,high,front,unrounded,ʰt,stop,coronal,yes,mono,vcc,push,v,c,cc
120,ýtt,364.33492165942687,319.18616761197427,144.7426924250408,118.81892378517023,191.19138957711357,73.69252936211979,99.61629800199034,91.57509157512322,310.0103133622838,165.267620937243,191.19138957711357,13,iʰt,no,i,high,front,unrounded,ʰt,stop,coronal,yes,mono,vcc,push,v,c,cc
121,ýtt,367.4760184645287,412.99980944756953,145.1600770633945,130.32872375333682,223.1879591103052,104.96396669327623,119.79532000333393,103.39263910697127,353.516682863642,208.3566058002475,223.1879591103052,13,iʰt,no,i,high,front,unrounded,ʰt,stop,coronal,yes,mono,vcc,push,v,c,cc
170,ydd,519.6663477891157,349.8891723356792,99.22208795796905,99.22208795796905,222.0945220193471,NA,NA,222.0945220193471,321.31660997731615,222.0945220193471,NA,14,ɪtt,no,ɪ,high,front,unrounded,tt,stop,coronal,no,mono,vcc,sharpen,v,c,cc
171,ydd,522.744138583182,345.29614308951295,104.78606359981768,104.78606359981768,228.5583464154115,NA,NA,228.5583464154115,333.3444100152292,228.5583464154115,NA,14,ɪtt,no,ɪ,high,front,unrounded,tt,stop,coronal,no,mono,vcc,sharpen,v,c,cc
172,ydd,526.1558120162666,323.9166847375827,101.85805176058693,101.85805176058693,199.6315192743623,NA,NA,199.6315192743623,301.4895710349492,199.6315192743623,NA,14,ɪtt,no,ɪ,high,front,unrounded,tt,stop,coronal,no,mono,vcc,sharpen,v,c,cc
74,ótt,230.4435260770975,380.67439321409324,99.26303854877006,66.57616800475807,277.76245633387475,138.3333333333212,171.0202038773332,106.74225245654156,344.3386243386328,245.07558578986277,277.76245633387475,15,ouʰt,no,ou,diph,back,round,ʰt,stop,coronal,yes,mono,vvcc,point,n,c,cc
75,ótt,232.92134693877549,379.4278155706934,135.77463500021736,102.24936187393041,231.184500559948,95.71127364895915,129.2365467752461,101.9479537847019,333.4338624338784,197.65922743366104,231.184500559948,15,ouʰt,no,ou,diph,back,round,ʰt,stop,coronal,yes,mono,vvcc,point,n,c,cc
76,ótt,235.8789511695089,349.945277958966,125.32320690834808,95.26141763254259,218.70578020548237,87.05627705626284,117.11806633206834,101.58771387341403,313.96719783802496,188.64399092967687,218.70578020548237,15,ouʰt,no,ou,diph,back,round,ʰt,stop,coronal,yes,mono,vvcc,point,n,c,cc
86,odd,263.64111678004537,358.4117535903033,98.03802707176601,98.03802707176601,202.97671215729451,NA,NA,202.97671215729451,301.0147392290605,202.97671215729451,NA,16,ott,no,o,mid,back,round,tt,stop,coronal,no,mono,vcc,fast,adv,c,cc
87,odd,266.58399546485265,366.9285714285593,111.6401756469827,111.6401756469827,196.05370190402027,NA,NA,196.05370190402027,307.69387755100297,196.05370190402027,NA,16,ott,no,o,mid,back,round,tt,stop,coronal,no,mono,vcc,fast,adv,c,cc
88,odd,269.3036718566737,320.0961705372265,101.352928434153,101.352928434153,187.62449682719762,NA,NA,187.62449682719762,288.9774252613506,187.62449682719762,NA,16,ott,no,o,mid,back,round,tt,stop,coronal,no,mono,vcc,fast,adv,c,cc
107,sets,326.1832993197279,450.5218962585218,141.2617532419631,141.2617532419631,52.00459643316435,NA,NA,52.00459643316435,193.26634967512746,52.00459643316435,NA,19,sets,vls,e,mid,front,unrounded,s,stop,coronal,no,mono,cvcc,sediment,n,x,cx
108,sets,328.9271539042968,479.0216646962904,174.2299364190103,174.2299364190103,55.580815659538985,NA,NA,55.580815659538985,229.81075207854929,55.580815659538985,NA,19,sets,vls,e,mid,front,unrounded,s,stop,coronal,no,mono,cvcc,sediment,n,x,cx
109,sets,331.7572607709751,486.47072162191307,153.5117671513717,153.5117671513717,70.24647601986089,NA,NA,70.24647601986089,223.7582431712326,70.24647601986089,NA,19,sets,vls,e,mid,front,unrounded,s,stop,coronal,no,mono,cvcc,sediment,n,x,cx
134,sett,405.2508355745399,479.0465740381933,78.47595330082413,58.67416066928399,251.22524593490425,124.62960672485224,144.43139935639238,106.79384657851188,309.89940660418824,231.4234533033641,251.22524593490425,20,seʰt,vls,e,mid,front,unrounded,ʰt,stop,coronal,yes,mono,cvcc,put,v,x,cc
135,sett,408.0597441960912,461.9609859816478,81.30486441154972,71.85201111713013,243.97262467329028,134.93696756137297,144.38982085579255,99.58280381749773,315.8246357904204,234.5197713788707,243.97262467329028,20,seʰt,vls,e,mid,front,unrounded,ʰt,stop,coronal,yes,mono,cvcc,put,v,x,cc
136,sett,411.39651020408166,423.7236724146669,97.35684524372346,72.0376173612749,222.17313069023703,110.7541295651231,136.07335744757165,86.09977324266538,294.2107480515119,196.85390280778847,222.17313069023703,20,seʰt,vls,e,mid,front,unrounded,ʰt,stop,coronal,yes,mono,cvcc,put,v,x,cc
46,feits,146.46254998969286,675.125747268595,171.8601302954994,171.8601302954994,97.42630385485995,NA,NA,97.42630385485995,269.28643415035936,97.42630385485995,NA,21,feits,vls,ei,diph,front,unrounded,s,stop,coronal,no,mono,cvvcc,fat,adj,x,cx
47,feits,149.64127822143348,587.063115101131,190.91577817425787,190.91577817425787,90.04574929386422,NA,NA,90.04574929386422,280.9615274681221,90.04574929386422,NA,21,feits,vls,ei,diph,front,unrounded,s,stop,coronal,no,mono,cvvcc,fat,adj,x,cx
48,feits,152.64766213151927,627.0385487528358,177.7409411253359,177.7409411253359,83.07145080252099,NA,NA,83.07145080252099,260.8123919278569,83.07145080252099,NA,21,feits,vls,ei,diph,front,unrounded,s,stop,coronal,no,mono,cvvcc,fat,adj,x,cx
1,feitt,7.494573934837093,523.3826324051885,98.67106733073427,89.42993303240331,236.49111866969008,112.36714234566048,121.60827664399143,114.88284202569865,325.9210517020934,227.24998437135912,236.49111866969008,22,feiʰt,vls,ei,diph,front,unrounded,ʰt,stop,coronal,yes,mono,cvvcc,fat,adj,x,cc
2,feitt,10.691955564276993,526.6045264259542,104.17605708950184,84.29811980347601,237.17852418745267,93.49106309190347,113.3690003779293,123.80952380952337,321.47664399092866,217.30058690142684,237.17852418745267,22,feiʰt,vls,ei,diph,front,unrounded,ʰt,stop,coronal,yes,mono,cvvcc,fat,adj,x,cc
3,feitt,13.858247669438146,560.9926933736454,102.87427474273159,84.049335783698,247.66751144902344,109.44914845370945,128.27408741274303,119.3934240362804,331.7168472327214,228.84257248998983,247.66751144902344,22,feiʰt,vls,ei,diph,front,unrounded,ʰt,stop,coronal,yes,mono,cvvcc,fat,adj,x,cc
77,vots,238.76375132275132,483.5091369881468,163.13828356200588,163.13828356200588,64.08242534303099,NA,NA,64.08242534303099,227.22070890503687,64.08242534303099,NA,23,vots,voi,o,mid,back,round,s,stop,coronal,no,mono,cvvcc,wet,adj,x,cx
78,vots,241.56374905517762,471.3356009070253,168.1937910520901,168.1937910520901,64.44046220326527,NA,NA,64.44046220326527,232.63425325535536,64.44046220326527,NA,23,vots,voi,o,mid,back,round,s,stop,coronal,no,mono,cvvcc,wet,adj,x,cx
79,vots,244.29477648202138,489.27605610145974,169.99201366280658,169.99201366280658,81.84543851209014,NA,NA,81.84543851209014,251.83745217489673,81.84543851209014,NA,23,vots,voi,o,mid,back,round,s,stop,coronal,no,mono,cvvcc,wet,adj,x,cx
28,vott,90.77972610096671,503.65258384056233,96.26649347261207,81.87534537793795,279.0407261389447,139.37520162703265,153.76634972170677,125.27437641723793,360.91607151688265,264.6495780442706,279.0407261389447,24,voʰt,vls,o,mid,back,round,ʰt,stop,coronal,yes,mono,cvvcc,wet,adj,x,cc
29,vott,93.9074754346183,546.7450869236501,93.35988465188905,68.33595064172471,287.2522229865666,138.7169511079236,163.74088511808793,123.51133786847868,355.5881736282913,262.22828897640227,287.2522229865666,24,voʰt,vls,o,mid,back,round,ʰt,stop,coronal,yes,mono,cvvcc,wet,adj,x,cc
30,vott,97.2471814058957,516.3673469387788,104.44549248269652,79.67435195898531,293.53031085851455,153.83003201280587,178.60117253651708,114.92913832199747,373.20466281749987,268.75917033480334,293.53031085851455,24,voʰt,vls,o,mid,back,round,ʰt,stop,coronal,yes,mono,cvvcc,wet,adj,x,cc
59,takka,187.8655257936508,533.1131873464017,84.35024380125355,71.40738328232032,239.6896481228623,124.03325774752716,136.9761182664604,102.71352985640192,311.09703140518263,226.74678760392908,239.6896481228623,25,tʰaʰka,asp,a,low,front,unrounded,ʰk,stop,velar,yes,di,cvccv,key,n,c,cc
60,takka,190.59698859341717,520.7906120921848,131.47004997230738,105.80644067371736,191.91818223887935,77.34967764884004,103.01328694743006,88.9048952914493,297.7246229125967,166.25457294028934,191.91818223887935,25,tʰaʰka,asp,a,low,front,unrounded,ʰk,stop,velar,yes,di,cvccv,key,n,c,cc
61,takka,193.4039518770471,546.1373141849322,121.50005179736922,94.48296878110796,204.5688707928548,86.86719647974428,113.88427949600555,90.68459129684925,299.05183957396275,177.55178777659353,204.5688707928548,25,tʰaʰka,asp,a,low,front,unrounded,ʰk,stop,velar,yes,di,cvccv,key,n,c,cc
101,kagga,307.4441587301588,477.8929580964473,88.72141141324619,88.72141141324619,168.4308390022693,NA,NA,168.4308390022693,257.1522504155155,168.4308390022693,NA,26,kʰakka,asp,a,low,front,unrounded,kk,stop,velar,no,di,cvccv,barrel,n,c,cc
102,kagga,310.5739569160998,446.2559457891757,90.83303496834105,90.83303496834105,153.18733341285906,NA,NA,153.18733341285906,244.02036838120011,153.18733341285906,NA,26,kʰakka,asp,a,low,front,unrounded,kk,stop,velar,no,di,cvccv,barrel,n,c,cc
103,kagga,313.82586477015053,466.55090200073346,84.38257220097967,84.38257220097967,162.33752760365405,NA,NA,162.33752760365405,246.72009980463372,162.33752760365405,NA,26,kʰakka,asp,a,low,front,unrounded,kk,stop,velar,no,di,cvccv,barrel,n,c,cc
179,detta,548.7834470777559,520.928702905394,111.57415277318705,77.23732961233054,234.6745930515226,107.66381641406042,142.00063957491693,92.67395347660567,311.91192266385315,200.3377698906661,234.6745930515226,27,teʰta,nasp,e,mid,front,unrounded,ʰt,stop,coronal,yes,di,cvccv,fall,v,c,cc
180,detta,551.9129971408854,468.4738970935314,117.21897025415728,84.77806957341727,220.89242693220967,90.50776207914168,122.9486627598817,97.94376417232797,305.67049650562694,188.45152625146966,220.89242693220967,27,teʰta,nasp,e,mid,front,unrounded,ʰt,stop,coronal,yes,di,cvccv,fall,v,c,cc
181,detta,554.9788718820862,461.80307226131845,126.96338094895054,73.01075393547762,214.53636527064646,73.39099449302466,127.34362150649758,87.19274376414887,287.5471192061241,160.58373825717354,214.53636527064646,27,teʰta,nasp,e,mid,front,unrounded,ʰt,stop,coronal,yes,di,cvccv,fall,v,c,cc
83,gedda,255.51796900982615,512.9518792191163,75.6784657817775,75.6784657817775,229.01648490082493,NA,NA,229.01648490082493,304.69495068260244,229.01648490082493,NA,28,cetta,nasp,e,mid,front,unrounded,tt,stop,coronal,no,di,cvccv,pike,n,c,cc
84,gedda,258.0324744897959,465.3446817175677,85.69496461257131,85.69496461257131,210.01950780311063,NA,NA,210.01950780311063,295.71447241568194,210.01950780311063,NA,28,cetta,nasp,e,mid,front,unrounded,tt,stop,coronal,no,di,cvccv,pike,n,c,cc
85,gedda,260.6747619047619,462.8344671201603,90.56379925260671,90.56379925260671,184.89096429533447,NA,NA,184.89096429533447,275.4547635479412,184.89096429533447,NA,28,cetta,nasp,e,mid,front,unrounded,tt,stop,coronal,no,di,cvccv,pike,n,c,cc
98,kamp,298.1520422335601,437.7876984127056,90.42011732225319,74.33622704104437,230.46098238791046,137.1872637944307,153.27115407563952,77.18982831227095,304.79720942895483,214.37709210670164,230.46098238791046,29,kʰam̥p,asp,a,low,front,unrounded,m̥,nasal,labial,yes,mono,cvnc,moustache,n,c,cc
99,kamp,300.95767985982275,439.7842369270961,118.47986762273877,85.1082250163131,237.57874767068188,117.3476946333949,150.71933723982056,86.85941043086132,322.686972686995,204.2071050642562,237.57874767068188,29,kʰam̥p,asp,a,low,front,unrounded,m̥,nasal,labial,yes,mono,cvnc,moustache,n,c,cc
100,kamp,303.9978089569161,454.2564604457766,119.83239034555027,75.6370646760729,234.9625214367279,123.60166288743812,167.7969885569155,67.16553287981242,310.5995861128008,190.76719576725054,234.9625214367279,29,kʰam̥p,asp,a,low,front,unrounded,m̥,nasal,labial,yes,mono,cvnc,moustache,n,c,cc
71,kamb,221.8826587301587,456.9308390022968,212.65568527269352,101.50918081552618,213.29843189479902,0,111.14650445716734,102.15192743763168,314.8076127103252,102.15192743763168,213.29843189479902,30,kʰamp,asp,a,low,front,unrounded,m,nasal,labial,no,mono,cvnc,comb,n,c,cc
72,kamb,224.3448866213152,459.87622826908137,219.15904964504307,85.73159348807735,243.6013034736959,0,133.42745615696572,110.17384731673019,329.33289696177326,110.17384731673019,243.6013034736959,30,kʰamp,asp,a,low,front,unrounded,m,nasal,labial,no,mono,cvnc,comb,n,c,cc
73,kamb,227.15243961352655,542.396365309429,242.27773707772826,105.59751709703846,301.32060604967137,0,136.6802199806898,164.64038606898157,406.91812314670983,164.64038606898157,301.32060604967137,30,kʰamp,asp,a,low,front,unrounded,m,nasal,labial,no,mono,cvnc,comb,n,c,cc
4,punt,17.291205593348455,549.4701436130001,102.86449558546806,73.39780281723662,269.2281440154005,120.06077097505852,149.52746374328996,119.70068027211056,342.62594683263717,239.76145124716908,269.2281440154005,31,pʰʏn̥t,asp,ʏ,high,front,round,n̥,nasal,coronal,yes,mono,cvnc,decoration,n,c,cc
5,punt,20.273204837490553,552.1703428846295,108.0942467298911,84.93229096480803,241.89988903362902,117.78425655976577,140.94621232484883,100.9536767087802,326.832179998437,218.73793326854596,241.89988903362902,31,pʰʏn̥t,asp,ʏ,high,front,round,n̥,nasal,coronal,yes,mono,cvnc,decoration,n,c,cc
6,punt,23.319240362811794,560.379303236445,113.88752774038835,90.89643529064872,245.43831168831431,131.84461152881966,154.83570397855928,90.60260770975503,336.33474697896304,222.4472192385747,245.43831168831431,31,pʰʏn̥t,asp,ʏ,high,front,round,n̥,nasal,coronal,yes,mono,cvnc,decoration,n,c,cc
125,pund,379.40393707482997,490.0140794022718,233.56165640859672,98.70003887272105,228.32647014359964,0,134.86161753587567,93.46485260772397,327.0265090163207,93.46485260772397,228.32647014359964,32,pʰʏnt,asp,ʏ,high,front,round,n,nasal,coronal,no,mono,cvnc,pound,n,c,cc
126,pund,382.3583612419327,537.5714867143415,231.3956791508076,102.2965099217572,230.89578531136112,0,129.0991692290504,101.79661608231072,333.19229523311833,101.79661608231072,230.89578531136112,32,pʰʏnt,asp,ʏ,high,front,round,n,nasal,coronal,no,mono,cvnc,pound,n,c,cc
127,pund,385.5870073426196,443.5900758350044,211.40297482486403,88.95246552060598,215.43488824096357,0,122.45050930425805,92.98437893670553,304.38735376156956,92.98437893670553,215.43488824096357,32,pʰʏnt,asp,ʏ,high,front,round,n,nasal,coronal,no,mono,cvnc,pound,n,c,cc
53,kembt,169.6388721437293,533.4715556552396,116.48818613451795,80.55639853222374,244.92958874293436,106.82093039233109,142.7527179946253,102.17687074830906,325.4859872751581,208.99780114064015,244.92958874293436,33,cʰem̥t,asp,e,mid,front,unrounded,m̥,nasal,labial,yes,mono,cvcc,comb,v,c,cc
54,kembt,172.81590702947844,633.9909297052202,114.74904418369647,88.20760433903274,261.34882946715265,133.6713352007166,160.21277504538034,101.13605442177231,349.5564338061854,234.80738962248893,261.34882946715265,33,cʰem̥t,asp,e,mid,front,unrounded,m̥,nasal,labial,yes,mono,cvcc,comb,v,c,cc
55,kembt,175.84194849368316,625.349314328929,127.41236366471753,83.23682256553866,266.20551250803715,133.88938183970822,178.0649229388871,88.14058956915005,349.4423350735758,222.02997140885827,266.20551250803715,33,cʰem̥t,asp,e,mid,front,unrounded,m̥,nasal,labial,yes,mono,cvcc,comb,v,c,cc
176,kembdi,539.3183523516933,525.3091079523529,192.4915595868697,91.770293600916375,236.7280687069524,0,100.72126598595332,136.00680272099908,328.4983623078688,136.00680272099908,236.7280687069524,34,cʰemtɪ,asp,e,mid,front,unrounded,m,nasal,labial,no,di,cvccv,comb,v,c,cc
177,kembdi,542.329714393694,460.1645993778902,190.81014407845487,104.50742014586467,179.0241483047339,0,86.3027239325902,92.7214243721437,283.53156845059857,92.7214243721437,179.0241483047339,34,cʰemtɪ,asp,e,mid,front,unrounded,m,nasal,labial,no,di,cvccv,comb,v,c,cc
178,kembdi,545.356229419304,465.31364493523597,184.30782741006624,108.60947261380716,177.03823889803516,0,75.69835479625908,101.33988410177608,285.6477115118423,101.33988410177608,177.03823889803516,34,cʰemtɪ,asp,e,mid,front,unrounded,m,nasal,labial,no,di,cvccv,comb,v,c,cc
157,kampa,477.5552060534359,501.1602234120005,114.77626606199465,70.1675403602735,239.42051708496592,108.29251700675968,152.90124270848082,86.5192743764851,309.58805744523943,194.81179138324478,239.42051708496592,35,kʰam̥pa,asp,a,low,front,unrounded,m̥,nasal,labial,yes,di,cvncv,moustache,n,c,cc
158,kampa,480.70054937126366,432.5363351878764,116.50666232333151,65.5112075887132,190.5840094548239,74.36368699529794,125.35914172991625,65.22486772490765,256.0952170435371,139.5885547202056,190.5840094548239,35,kʰam̥pa,asp,a,low,front,unrounded,m̥,nasal,labial,yes,di,cvncv,moustache,n,c,cc
159,kampa,483.9197222222223,457.78342211792733,133.27125750163304,79.63539300845923,203.71053381666115,77.56733305569696,131.20319754887078,72.50733626779038,283.3459268251204,150.07466932348734,203.71053381666115,35,kʰam̥pa,asp,a,low,front,unrounded,m̥,nasal,labial,yes,di,cvncv,moustache,n,c,cc
160,kampa,486.78779323850756,446.9020387803653,113.1981774359474,67.57974025686053,211.0324648591586,93.44933704187497,139.06777422096184,71.96469063819677,278.61220511601914,165.41402768007174,211.0324648591586,35,kʰam̥pa,asp,a,low,front,unrounded,m̥,nasal,labial,yes,di,cvncv,moustache,n,c,cc
92,kamba,280.31371995464855,501.6968666254229,207.7622575509963,102.16295986089108,208.14393459249914,0,105.59929769010523,102.5446369023939,310.3068944533902,102.5446369023939,208.14393459249914,36,kʰampa,asp,a,low,front,unrounded,m,nasal,labial,no,di,cvncv,comb,n,c,cc
93,kamba,283.3305076845553,523.8924325392418,209.5872261948557,83.94858226608903,228.8517069317777,0,125.63864392876667,103.21306300301103,312.80028919786673,103.21306300301103,228.8517069317777,36,kʰampa,asp,a,low,front,unrounded,m,nasal,labial,no,di,cvncv,comb,n,c,cc
94,kamba,286.50502354788074,471.2862582895241,184.57689923729959,79.69641180841336,205.54950230842906,0,104.88048742888623,100.66901487954283,285.2459141168424,100.66901487954283,205.54950230842906,36,kʰampa,asp,a,low,front,unrounded,m,nasal,labial,no,di,cvncv,comb,n,c,cc
173,kempa,529.2960430839003,470.9276023650091,138.3396866581279,94.48350276124984,195.40970808429847,81.86153628116699,125.71772017804506,69.69198790625342,289.8932108455483,151.5535241874204,195.40970808429847,37,cʰem̥pa,asp,e,mid,front,unrounded,m̥,nasal,labial,yes,di,cvncv,hero,n,c,cc
174,kempa,532.3245506623703,491.9078172722493,159.52199061450756,98.77166757325995,209.15477573134922,67.35381021087505,128.10413325212266,81.05064247922655,307.92644330460917,148.4044526901016,209.15477573134922,37,cʰem̥pa,asp,e,mid,front,unrounded,m̥,nasal,labial,yes,di,cvncv,hero,n,c,cc
175,kempa,535.7391943241943,500.03125009345695,139.39147006317398,104.72792425969146,205.32221431426478,76.43594238322748,111.09948818671,94.22272612755478,310.05013857395625,170.65866851078226,205.32221431426478,37,cʰem̥pa,asp,e,mid,front,unrounded,m̥,nasal,labial,yes,di,cvncv,hero,n,c,cc
128,kemba,388.53265404712613,464.26870335210424,196.60235999981523,95.67883740851357,187.84718094354957,0,100.92352259130166,86.92365835224791,283.52601835206315,86.92365835224791,187.84718094354957,38,cʰempa,asp,e,mid,front,unrounded,m,nasal,labial,no,di,cvncv,comb,v,c,cc
129,kemba,391.4407840572126,477.3454551287273,194.91288253192351,101.46020321457172,168.87218045116015,0,93.4526793173518,75.41950113380835,270.33238366573187,75.41950113380835,168.87218045116015,38,cʰempa,asp,e,mid,front,unrounded,m,nasal,labial,no,di,cvncv,comb,v,c,cc
130,kemba,394.34187583877093,493.3791100554572,185.56749015397145,108.36197292019278,181.23553274875803,0,77.20551723377866,104.03001551497937,289.5975056689508,104.03001551497937,181.23553274875803,38,cʰempa,asp,e,mid,front,unrounded,m,nasal,labial,no,di,cvncv,comb,v,c,cc
65,punta,204.7886841403228,496.60328411394516,90.46340768861683,58.42987072639971,258.91298641641924,138.27400727734585,170.30754423956296,88.60544217685629,317.34285714281896,226.87944945420213,258.91298641641924,39,pʰʏn̥ta,asp,ʏ,high,front,round,n̥,nasal,coronal,yes,di,cvncv,decoration,n,c,cc
66,punta,207.43136968766,573.3204572234456,91.94748771750483,66.91258586491244,264.20742332018676,142.87320173968965,167.90810359228203,96.29931972790473,331.1200091850992,239.17252146759438,264.20742332018676,39,pʰʏn̥ta,asp,ʏ,high,front,round,n̥,nasal,coronal,yes,di,cvncv,decoration,n,c,cc
67,punta,210.31303654795252,561.2465097614745,94.98860735919834,59.49563061091112,253.17380753472207,134.76321929738333,170.25619604567055,82.91761148905152,312.6694381456332,217.68083078643485,253.17380753472207,39,pʰʏn̥ta,asp,ʏ,high,front,round,n̥,nasal,coronal,yes,di,cvncv,decoration,n,c,cc
116,punda,352.48890670553936,468.7155557612641,175.92022960553777,73.27295300780179,184.89217455692142,0,102.64727659773598,82.24489795918544,258.1651275647232,82.24489795918544,184.89217455692142,40,pʰʏnta,asp,ʏ,high,front,round,n,nasal,coronal,no,di,cvncv,pound,n,c,cc
117,punda,354.8827907353418,479.19455179635406,194.28687121103394,88.25854655856347,191.288015830537,0,106.02832465247047,85.25969117806653,279.5465623891005,85.25969117806653,191.288015830537,40,pʰʏnta,asp,ʏ,high,front,round,n,nasal,coronal,no,di,cvncv,pound,n,c,cc
118,punda,357.7492695173308,485.25300866077714,183.32224410227127,88.63351058420221,197.6230739209086,0,94.68873351806906,102.93434040283955,286.2565845051108,102.93434040283955,197.6230739209086,40,pʰʏnta,asp,ʏ,high,front,round,n,nasal,coronal,no,di,cvncv,pound,n,c,cc
40,vanta,128.7382275132275,483.93645580836164,75.72555354190058,58.897583200320014,262.09219666702666,161.00874635566242,177.836716697243,84.25547996978366,320.98977986734667,245.2642263254461,262.09219666702666,41,van̥ta,voi,a,low,front,unrounded,n̥,nasal,coronal,yes,di,cvccv,want,v,c,cc
41,vanta,131.56642790449513,503.75350140055275,78.08977513479931,62.08974330658634,265.53652586389376,166.83934110042742,182.8393729286404,82.69715293525337,327.6262691704801,249.5364940356808,265.53652586389376,41,van̥ta,voi,a,low,front,unrounded,n̥,nasal,coronal,yes,di,cvccv,want,v,c,cc
42,vanta,134.560291005291,498.1772486772513,75.3223158633034,62.71931899726724,263.3564927087946,171.0331632652924,183.63616013132855,79.72033257746602,326.0758117060618,250.7534958427584,263.3564927087946,41,van̥ta,voi,a,low,front,unrounded,n̥,nasal,coronal,yes,di,cvccv,want,v,c,cc
149,vanda,450.99032662380023,451.53293014794826,181.32083741539873,68.23276732308159,220.10523886456212,0,113.08807009231714,107.01716877224499,288.3380061876437,107.01716877224499,220.10523886456212,42,vanta,voi,a,low,front,unrounded,n,nasal,coronal,no,di,cvncv,do st carefully,v,c,cc
150,vanda,453.7565043828477,448.64159998178366,185.4860873206121,73.85672589862224,202.47214297904748,0,111.62936142198987,90.8427815570576,276.3288688776697,90.8427815570576,202.47214297904748,42,vanta,voi,a,low,front,unrounded,n,nasal,coronal,no,di,cvncv,do st carefully,v,c,cc
154,fínn,468.4009459852317,371.69922669926336,92.50840796477178,92.50840796477178,129.61502782928846,NA,NA,129.61502782928846,222.12343579406024,129.61502782928846,NA,43,fitn̥,vls,i,high,front,unrounded,t,stop,coronal,yes,mono,cvcc,smart,adj,x,cx
155,fínn,471.07584091180337,359.10299558418046,87.2068473854597,87.2068473854597,136.89814814807733,NA,NA,136.89814814807733,224.10499553353702,136.89814814807733,NA,43,fitn̥,vls,i,high,front,unrounded,t,stop,coronal,yes,mono,cvcc,smart,adj,x,cx
156,fínn,474.20227387251197,355.29302091214277,94.86224156978551,94.86224156978551,129.3555534847428,NA,NA,129.3555534847428,224.21779505452832,129.3555534847428,NA,43,fitn̥,vls,i,high,front,unrounded,t,stop,coronal,yes,mono,cvcc,smart,adj,x,cx
10,kinn,35.55264172335601,394.35723007151324,235.99792328324298,76.1869106488362,247.38180007205557,124.26992714500074,159.81101263440678,NA,NA,NA,NA,44,cʰɪnn,asp,i,high,front,unrounded,nn,geminate,coronal,no,mono,cvcc,cheek,n,x,cx
11,kinn,38.519730590648955,406.2006262822564,256.57142857141935,93.0684296806703,247.38180007205557,124.26992714500074,163.50299889074904,NA,NA,NA,NA,44,cʰɪnn,asp,i,high,front,unrounded,nn,geminate,coronal,no,mono,cvcc,cheek,n,x,cx
12,kinn,41.67978251906823,413.18002397367337,248.75619383556113,86.82771903942665,247.38180007205557,124.26992714500074,161.92847479613448,NA,NA,NA,NA,44,cʰɪnn,asp,i,high,front,unrounded,nn,geminate,coronal,no,mono,cvcc,cheek,n,x,cx
122,duld,370.5394708994709,466.846560846534,234.51977401128943,102.4388324584038,255.0895122128054,26.139794163782426,158.22073571666806,96.86877649613734,357.5283446712092,123.00857065991977,255.0895122128054,45,tʏlt,nasp,ʏ,high,front,round,l,lateral,coronal,no,mono,cvlc,complex,adj,c,cc
123,duld,373.6182399626517,454.7681528752605,231.64609087859844,101.19120490213618,244.47613040803162,14.970290716746604,145.42517669320887,99.05095371482275,345.6673353101678,114.02124443156936,244.47613040803162,45,tʏlt,nasp,ʏ,high,front,round,l,lateral,coronal,no,mono,cvlc,complex,adj,c,cc
124,duld,376.1399977324263,480.52834467119965,220.09488070324323,97.71762298021258,236.53766192944659,30.918151749915523,153.29540947294618,83.24225245650041,334.25528490965917,114.16040420641593,236.53766192944659,45,tʏlt,nasp,ʏ,high,front,round,l,lateral,coronal,no,mono,cvlc,complex,adj,c,cc
31,dult,100.58793272864702,527.370657075096,102.46059914649663,67.25194667825463,334.1890541527306,196.828096317887,232.036748786129,102.15230536660158,401.4410008309852,298.9804016844886,334.1890541527306,46,tʏl̥t,nasp,ʏ,high,front,round,l̥,lateral,coronal,yes,mono,cvlc,reticent,adj,c,cc
32,dult,103.60215110286539,477.0988799560314,96.08190432902575,77.92164335127438,283.00101444087034,175.37043200118774,193.5306929789391,89.47032146193123,360.9226577921447,264.840753463119,283.00101444087034,46,tʏl̥t,nasp,ʏ,high,front,round,l̥,lateral,coronal,yes,mono,cvlc,reticent,adj,c,cc
33,dult,106.75550793650794,530.8916099773313,93.34005324976147,75.16177458637685,284.8807424204409,175.2278322377805,193.4061109011651,91.47463151927582,360.0425170068178,266.7024637570563,284.8807424204409,46,tʏl̥t,nasp,ʏ,high,front,round,l̥,lateral,coronal,yes,mono,cvlc,reticent,adj,c,cc
43,gelta,137.78487717309145,525.1868926955012,101.0285672147404,81.97275471081866,260.45609325112196,144.155382788,163.21119529192174,97.24489795920022,342.4288479619406,241.4002807472002,260.45609325112196,47,cel̥ta,nasp,e,mid,front,unrounded,l̥,lateral,coronal,yes,di,cvlcv,bark,v,c,cc
44,gelta,140.5602251376741,519.0559080775188,112.31827334700029,85.73736469608662,241.31136531045172,122.94033320273456,149.52124185364823,91.79012345680349,327.04873000653834,214.73045665953805,241.31136531045172,47,cel̥ta,nasp,e,mid,front,unrounded,l̥,lateral,coronal,yes,di,cvlcv,bark,v,c,cc
45,gelta,143.40358343337334,499.3253001397875,98.50741258702556,82.26086223965012,233.9044038668021,132.359289649429,148.60583999680443,85.29856386999768,316.16526610645224,217.65785351942668,233.9044038668021,47,cel̥ta,nasp,e,mid,front,unrounded,l̥,lateral,coronal,yes,di,cvlcv,bark,v,c,cc
167,gelda,510.1433366927018,491.20548703933764,190.83184800405206,115.76596229804181,193.9769049981237,22.692155966524297,97.75804167253455,96.21886332558915,309.7428672961655,118.91101929211345,193.9769049981237,48,celta,nasp,e,mid,front,unrounded,l,lateral,coronal,no,di,cvlcv,castrate,v,c,cc
168,gelda,513.1787994007127,488.40986394554875,196.89742055766146,116.43637803376805,193.6184916506818,21.85448934642409,102.3155318703175,91.30295978036429,310.05486968444984,113.15744912678838,193.6184916506818,48,celta,nasp,e,mid,front,unrounded,l,lateral,coronal,no,di,cvlcv,castrate,v,c,cc
169,gelda,516.382127342165,473.6936801587035,190.91933765730573,113.84220059164818,183.6839312985603,20.248300480716352,97.3254375463739,86.3584937521864,297.5261318902085,106.60679423290276,183.6839312985603,48,celta,nasp,e,mid,front,unrounded,l,lateral,coronal,no,di,cvlcv,castrate,v,c,cc
140,orka,424.06318071361466,450.0672497682672,131.37494992065513,104.43649121037879,222.8152538727386,115.71077637404414,142.64923508432048,80.16601878841811,327.2517450831174,195.87679516246226,222.8152538727386,49,or̥ka,no,o,mid,back,round,r̥,rhotic,coronal,yes,di,vrcv,energy,n,c,cc
141,orka,426.9222154769081,397.7576115070178,97.59324227854904,74.71034103815555,203.3184615838195,91.9661725882861,114.8490738286796,88.4693877551399,278.02880262197505,180.435560343426,203.3184615838195,49,or̥ka,no,o,mid,back,round,r̥,rhotic,coronal,yes,di,vrcv,energy,n,c,cc
142,orka,429.8714473249918,428.3214795189565,124.62445788804644,107.86823022664294,223.76267607415912,120.72111205600322,137.47733971740672,86.2853363567524,331.63090630080205,207.00644841275562,223.76267607415912,49,or̥ka,no,o,mid,back,round,r̥,rhotic,coronal,yes,di,vrcv,energy,n,c,cc
95,orga,289.5791229768804,456.40344907462804,209.64957561886877,124.825389351372,218.443924017663,0,84.82418626749677,133.61973775016622,343.269313369035,133.61973775016622,218.443924017663,50,orka,no,o,mid,back,round,r,rhotic,coronal,no,di,vrcv,scream,n,c,cc
96,orga,292.2648252369061,422.33484872963345,178.96985688901168,103.22503404972849,169.94040679674072,0,75.74482283928319,94.19558395745753,273.1654408464692,94.19558395745753,169.94040679674072,50,orka,no,o,mid,back,round,r,rhotic,coronal,no,di,vrcv,scream,n,c,cc
97,orga,295.05318746257524,435.79105112064553,204.28917035434324,133.71844746814077,167.78616375586353,0,70.57072288620247,97.21544086966105,301.5046112240043,97.21544086966105,167.78616375586353,50,orka,no,o,mid,back,round,r,rhotic,coronal,no,di,vrcv,scream,n,c,cc
7,mjólka,26.56774591240005,541.6196297351732,69.23107470524315,44.8410445195222,251.93531649948397,139.50749341882585,163.8975236045468,88.03779289493718,296.7763610190062,227.54528631376303,251.93531649948397,51,mjoul̥ka,voi,ou,diph,back,round,l̥,lateral,coronal,yes,di,ccvvccv,milk,v,c,cc
8,mjólka,29.485031640563204,555.6994054784035,64.87534456729449,38.63785920867713,253.14332706037845,146.76987366375016,173.00735902236752,80.13596803801093,291.7811862690556,226.9058417017611,253.14332706037845,51,mjoul̥ka,voi,ou,diph,back,round,l̥,lateral,coronal,yes,di,ccvvccv,milk,v,c,cc
9,mjólka,32.543833144368854,550.3624534104858,71.44176817172365,29.909520883741436,247.38180007205557,124.26992714500074,165.80217443298295,81.57962563907262,277.291320955797,205.84955278407335,247.38180007205557,51,mjoul̥ka,voi,ou,diph,back,round,l̥,lateral,coronal,yes,di,ccvvccv,milk,v,c,cc
25,ólga,81.54767573696145,434.61776789924045,183.3735909822991,93.02873958573343,230.7656670658247,0,90.34485139656567,140.420815669259,323.7944066515581,140.420815669259,230.7656670658247,52,oulka,no,ou,diph,back,round,l,lateral,coronal,no,di,vlccv,foam,v,c,cc
26,ólga,84.55510252327882,438.99714198411743,182.86208285348948,98.20026525869707,232.74936565749726,0,84.66181759479241,148.08754806270485,330.94963091619434,148.08754806270485,232.74936565749726,52,oulka,no,ou,diph,back,round,l,lateral,coronal,no,di,vlccv,foam,v,c,cc
27,ólga,87.61218020541551,420.3141697664705,187.3930233671075,100.62476317959579,209.9501334457159,0,86.76826018751171,123.18187325820418,310.5748966253117,123.18187325820418,209.9501334457159,52,oulka,no,ou,diph,back,round,l,lateral,coronal,no,di,vlccv,foam,v,c,cc
22,hefna,72.09185191590761,495.8850749926569,73.02615298992521,73.02615298992521,141.26114359214625,NA,NA,141.26114359214625,214.28729658207146,141.26114359214625,NA,53,hepna,fri,e,mid,front,unrounded,p,stop,labial,no,di,cvccv,avenge,v,x,cx
23,hefna,75.20971243042672,447.59005939177143,69.09603167129319,69.09603167129319,118.92956124248144,NA,NA,118.92956124248144,188.02559291377463,118.92956124248144,NA,53,hepna,fri,e,mid,front,unrounded,p,stop,labial,no,di,cvccv,avenge,v,x,cx
24,hefna,78.25512642225031,439.68141048731013,77.31418988562666,77.31418988562666,119.34657802514437,NA,NA,119.34657802514437,196.66076791077103,119.34657802514437,NA,53,hepna,fri,e,mid,front,unrounded,p,stop,labial,no,di,cvccv,avenge,v,x,cx
164,vopna,500.1294700650824,495.689242276967,106.50590390980597,90.69971829364931,159.71636193160066,95.41811282332446,111.22429843948112,48.49206349211954,250.41608022524997,143.910176315444,159.71636193160066,54,voʰpna,voi,o,mid,back,round,ʰp,stop,labial,yes,di,cvccv,arm,v,x,cx
165,vopna,503.4945642844952,448.7534526153354,108.24038994570628,92.15540522717447,148.37728811335182,79.9510335535274,96.03601827205921,52.341269841292615,240.5326933405263,132.29230339482,148.37728811335182,54,voʰpna,voi,o,mid,back,round,ʰp,stop,labial,yes,di,cvccv,arm,v,x,cx
166,vopna,506.7525163126475,433.6858814517086,97.15177929712127,70.68897101288485,159.34760866906572,75.36023500307465,101.82304328731107,57.524565381754655,230.03657968195057,132.8848003848293,159.34760866906572,54,voʰpna,voi,o,mid,back,round,ʰp,stop,labial,yes,di,cvccv,arm,v,x,cx
19,nafla,63.171941504997065,535.5209170975215,71.79759321673629,71.79759321673629,196.05286097122843,NA,NA,196.05286097122843,267.8504541879647,196.05286097122843,NA,55,napla,voi,a,low,front,unrounded,p,stop,labial,no,di,cvccv,navel,n,x,cx
20,nafla,65.88170260557054,528.5005610260782,77.08601524365122,77.08601524365122,182.88705137226202,NA,NA,182.88705137226202,259.97306661591324,182.88705137226202,NA,55,napla,voi,a,low,front,unrounded,p,stop,labial,no,di,cvccv,navel,n,x,cx
21,nafla,68.77434016589092,508.9525947395117,82.6407209225124,82.6407209225124,147.23922902494735,NA,NA,147.23922902494735,229.87994994745975,147.23922902494735,NA,55,napla,voi,a,low,front,unrounded,p,stop,labial,no,di,cvccv,navel,n,x,cx
89,japla,272.13594398253133,437.69344806207755,71.22719359563234,53.155059586572406,201.49624525134868,100.10312358792817,118.1752575969881,83.32098765436058,254.6513048379211,183.42411124228875,201.49624525134868,56,jaʰpla,voi,a,low,front,unrounded,ʰp,stop,labial,yes,di,cvccv,munch,v,x,cx
90,japla,274.59534892290253,479.9115844011794,87.35437815198566,62.52801781539574,201.64453082821865,93.50640289414969,118.3327632307396,83.31176759747905,264.1725486436144,176.81817049162873,201.64453082821865,56,jaʰpla,voi,a,low,front,unrounded,ʰp,stop,labial,yes,di,cvccv,munch,v,x,cx
91,japla,277.25729599821153,519.8383257417163,82.95538074821707,60.60678393464514,212.47709677766125,106.02257187861142,128.37116869218335,84.1059280854779,273.0838807123064,190.12849996408931,212.47709677766125,56,jaʰpla,voi,a,low,front,unrounded,ʰp,stop,labial,yes,di,cvccv,munch,v,x,cx
151,kafli,459.8705715619582,492.29962335334676,92.12856630836086,92.12856630836086,152.51628693806651,NA,NA,152.51628693806651,244.64485324642737,152.51628693806651,NA,57,kʰaplɪ,asp,a,low,front,unrounded,p,stop,labial,no,di,cvccv,part,n,x,cx
152,kafli,462.64571428571435,455.70203147832444,88.68770471150356,88.68770471150356,141.7569916855541,NA,NA,141.7569916855541,230.44469639705767,141.7569916855541,NA,57,kʰaplɪ,asp,a,low,front,unrounded,p,stop,labial,no,di,cvccv,part,n,x,cx
153,kafli,465.4663412698413,466.28226221776004,85.01244777130523,85.01244777130523,147.13907785335323,NA,NA,147.13907785335323,232.15152562465846,147.13907785335323,NA,57,kʰaplɪ,asp,a,low,front,unrounded,p,stop,labial,no,di,cvccv,part,n,x,cx
161,kapli,489.78111935683364,489.2814746100953,96.71237707732416,83.0911694301335,175.32362858787565,86.4599649839306,100.08117263112126,75.24245595675438,258.41479801800915,161.702420940685,175.32362858787565,58,kʰaʰplɪ,asp,a,low,front,unrounded,ʰp,stop,labial,yes,di,cvccv,cable,n,x,cx
162,kapli,493.0414861678005,488.25700422941054,121.14070191017845,89.31652447500937,173.65000770018924,53.11048017944131,84.93465761461039,88.71535008557885,262.9665321751986,141.82583026502016,173.65000770018924,58,kʰaʰplɪ,asp,a,low,front,unrounded,ʰp,stop,labial,yes,di,cvccv,cable,n,x,cx
163,kapli,496.4755203162346,449.5049169163394,128.19314216068278,83.06179582700679,166.5156398256613,40.1851669277562,85.31651326143219,81.19912656422912,249.5774356526681,121.38429349198532,166.5156398256613,58,kʰaʰplɪ,asp,a,low,front,unrounded,ʰp,stop,labial,yes,di,cvccv,cable,n,x,cx
131,tefla,397.0579563492064,434.9247062461359,90.07027146759583,90.07027146759583,131.78652413347436,NA,NA,131.78652413347436,221.8567956010702,131.78652413347436,NA,59,tʰepla,asp,e,mid,front,unrounded,p,stop,labial,no,di,cvccv,play chess,v,x,cx
132,tefla,399.750252372554,420.315667396153,96.47651612294794,96.47651612294794,113.9954105394736,NA,NA,113.9954105394736,210.47192666242154,113.9954105394736,NA,59,tʰepla,asp,e,mid,front,unrounded,p,stop,labial,no,di,cvccv,play chess,v,x,cx
133,tefla,402.3049929138322,435.99494367640546,93.24956761884096,93.24956761884096,119.651751298818,NA,NA,119.651751298818,212.90131891765895,119.651751298818,NA,59,tʰepla,asp,e,mid,front,unrounded,p,stop,labial,no,di,cvccv,play chess,v,x,cx
104,tipla,317.26532069970847,515.5125896796449,95.75639352647158,70.22794764776563,187.69231955826626,60.475403419616214,86.00384929832217,101.6884702599441,257.9202672060319,162.1638736795603,187.69231955826626,60,tʰɪʰpla,asp,ɪ,high,front,unrounded,ʰp,stop,labial,yes,di,cvccv,tiptoe,v,x,cx
105,tipla,320.11992743764176,468.7423259835555,90.74426807757163,78.3458686541394,165.03340404261735,69.79486856477024,82.19326798820248,82.84013605441487,243.37927269675674,152.6350046191851,165.03340404261735,60,tʰɪʰpla,asp,ɪ,high,front,unrounded,ʰp,stop,labial,yes,di,cvccv,tiptoe,v,x,cx
106,tipla,323.035860260771,469.86490982999385,104.47302572094941,93.77172859927896,141.80799906165475,46.97593852353066,57.67723564520111,84.13076341645365,235.5797276609337,131.1067019399843,141.80799906165475,60,tʰɪʰpla,asp,ɪ,high,front,unrounded,ʰp,stop,labial,yes,di,cvccv,tiptoe,v,x,cx
